"Year","Month","Town","Sale Price"
"2010","2010-01","ANG MO KIO","40453685"
"2010","2010-01","BEDOK","57073876"
"2010","2010-01","BISHAN","28155388"
"2010","2010-01","BUKIT BATOK","43882890"
"2010","2010-01","BUKIT MERAH","44287356"
"2010","2010-01","BUKIT PANJANG","32266688"
"2010","2010-01","BUKIT TIMAH","5791276"
"2010","2010-01","CENTRAL AREA","9072276"
"2010","2010-01","CHOA CHU KANG","54357152"
"2010","2010-01","CLEMENTI","21090200"
"2010","2010-01","GEYLANG","30014263"
"2010","2010-01","HOUGANG","48088288"
"2010","2010-01","JURONG EAST","16913888"
"2010","2010-01","JURONG WEST","80812252"
"2010","2010-01","KALLANG/WHAMPOA","32451776"
"2010","2010-01","MARINE PARADE","9045000"
"2010","2010-01","PASIR RIS","47527252"
"2010","2010-01","PUNGGOL","28922100"
"2010","2010-01","QUEENSTOWN","29139871"
"2010","2010-01","SEMBAWANG","23141488"
"2010","2010-01","SENGKANG","59506185"
"2010","2010-01","SERANGOON","22414800"
"2010","2010-01","TAMPINES","77048302"
"2010","2010-01","TOA PAYOH","34724776"
"2010","2010-01","WOODLANDS","84546028"
"2010","2010-01","YISHUN","50254788"
"2010","2010-02","ANG MO KIO","39492226"
"2010","2010-02","BEDOK","44480788"
"2010","2010-02","BISHAN","20596688"
"2010","2010-02","BUKIT BATOK","35573869"
"2010","2010-02","BUKIT MERAH","36831652"
"2010","2010-02","BUKIT PANJANG","28047776"
"2010","2010-02","BUKIT TIMAH","4460800"
"2010","2010-02","CENTRAL AREA","6923000"
"2010","2010-02","CHOA CHU KANG","45497985"
"2010","2010-02","CLEMENTI","20879576"
"2010","2010-02","GEYLANG","22496238"
"2010","2010-02","HOUGANG","43423956"
"2010","2010-02","JURONG EAST","24223300"
"2010","2010-02","JURONG WEST","70637940"
"2010","2010-02","KALLANG/WHAMPOA","28415987"
"2010","2010-02","MARINE PARADE","9097000"
"2010","2010-02","PASIR RIS","37897564"
"2010","2010-02","PUNGGOL","23796173"
"2010","2010-02","QUEENSTOWN","22396276"
"2010","2010-02","SEMBAWANG","25840676"
"2010","2010-02","SENGKANG","49548864"
"2010","2010-02","SERANGOON","19001600"
"2010","2010-02","TAMPINES","64661775"
"2010","2010-02","TOA PAYOH","28920288"
"2010","2010-02","WOODLANDS","70183540"
"2010","2010-02","YISHUN","46081064"
"2010","2010-03","ANG MO KIO","51811450"
"2010","2010-03","BEDOK","63118188"
"2010","2010-03","BISHAN","32615988"
"2010","2010-03","BUKIT BATOK","51159064"
"2010","2010-03","BUKIT MERAH","54338664"
"2010","2010-03","BUKIT PANJANG","40974288"
"2010","2010-03","BUKIT TIMAH","7605000"
"2010","2010-03","CENTRAL AREA","11342888"
"2010","2010-03","CHOA CHU KANG","59432594"
"2010","2010-03","CLEMENTI","31115188"
"2010","2010-03","GEYLANG","33185187"
"2010","2010-03","HOUGANG","62682352"
"2010","2010-03","JURONG EAST","30498000"
"2010","2010-03","JURONG WEST","101205328"
"2010","2010-03","KALLANG/WHAMPOA","28656900"
"2010","2010-03","MARINE PARADE","10009799"
"2010","2010-03","PASIR RIS","45208186"
"2010","2010-03","PUNGGOL","32606338"
"2010","2010-03","QUEENSTOWN","32574176"
"2010","2010-03","SEMBAWANG","29012888"
"2010","2010-03","SENGKANG","73763328"
"2010","2010-03","SERANGOON","21815268"
"2010","2010-03","TAMPINES","80791476"
"2010","2010-03","TOA PAYOH","32831876"
"2010","2010-03","WOODLANDS","100143556"
"2010","2010-03","YISHUN","61005664"
"2010","2010-04","ANG MO KIO","51387964"
"2010","2010-04","BEDOK","61919900"
"2010","2010-04","BISHAN","30316186"
"2010","2010-04","BUKIT BATOK","43899988"
"2010","2010-04","BUKIT MERAH","46183352"
"2010","2010-04","BUKIT PANJANG","38159149"
"2010","2010-04","BUKIT TIMAH","3406000"
"2010","2010-04","CENTRAL AREA","11714500"
"2010","2010-04","CHOA CHU KANG","49173206"
"2010","2010-04","CLEMENTI","26620768"
"2010","2010-04","GEYLANG","26759864"
"2010","2010-04","HOUGANG","57926599"
"2010","2010-04","JURONG EAST","24568300"
"2010","2010-04","JURONG WEST","86044964"
"2010","2010-04","KALLANG/WHAMPOA","41492277"
"2010","2010-04","MARINE PARADE","12526138"
"2010","2010-04","PASIR RIS","45980833"
"2010","2010-04","PUNGGOL","32669948"
"2010","2010-04","QUEENSTOWN","36314888"
"2010","2010-04","SEMBAWANG","26872400"
"2010","2010-04","SENGKANG","68526088"
"2010","2010-04","SERANGOON","20262888"
"2010","2010-04","TAMPINES","77599700"
"2010","2010-04","TOA PAYOH","28867800"
"2010","2010-04","WOODLANDS","108771681"
"2010","2010-04","YISHUN","51168176"
"2010","2010-05","ANG MO KIO","44264956"
"2010","2010-05","BEDOK","61037488"
"2010","2010-05","BISHAN","26715600"
"2010","2010-05","BUKIT BATOK","46028044"
"2010","2010-05","BUKIT MERAH","46440887"
"2010","2010-05","BUKIT PANJANG","40763177"
"2010","2010-05","BUKIT TIMAH","2230000"
"2010","2010-05","CENTRAL AREA","7492000"
"2010","2010-05","CHOA CHU KANG","44016688"
"2010","2010-05","CLEMENTI","24167188"
"2010","2010-05","GEYLANG","30808764"
"2010","2010-05","HOUGANG","55706976"
"2010","2010-05","JURONG EAST","25937776"
"2010","2010-05","JURONG WEST","86438488"
"2010","2010-05","KALLANG/WHAMPOA","28313876"
"2010","2010-05","MARINE PARADE","9884000"
"2010","2010-05","PASIR RIS","40423682"
"2010","2010-05","PUNGGOL","37920688"
"2010","2010-05","QUEENSTOWN","34015200"
"2010","2010-05","SEMBAWANG","20387656"
"2010","2010-05","SENGKANG","63663986"
"2010","2010-05","SERANGOON","20048800"
"2010","2010-05","TAMPINES","84597376"
"2010","2010-05","TOA PAYOH","28283626"
"2010","2010-05","WOODLANDS","81205780"
"2010","2010-05","YISHUN","54574510"
"2010","2010-06","ANG MO KIO","66398903"
"2010","2010-06","BEDOK","75831088"
"2010","2010-06","BISHAN","36343076"
"2010","2010-06","BUKIT BATOK","56021476"
"2010","2010-06","BUKIT MERAH","69093688"
"2010","2010-06","BUKIT PANJANG","44628388"
"2010","2010-06","BUKIT TIMAH","3646000"
"2010","2010-06","CENTRAL AREA","10945900"
"2010","2010-06","CHOA CHU KANG","62383176"
"2010","2010-06","CLEMENTI","33264188"
"2010","2010-06","GEYLANG","29186000"
"2010","2010-06","HOUGANG","64400540"
"2010","2010-06","JURONG EAST","33886588"
"2010","2010-06","JURONG WEST","92013564"
"2010","2010-06","KALLANG/WHAMPOA","42897376"
"2010","2010-06","MARINE PARADE","11785000"
"2010","2010-06","PASIR RIS","58735844"
"2010","2010-06","PUNGGOL","33551564"
"2010","2010-06","QUEENSTOWN","41121588"
"2010","2010-06","SEMBAWANG","37875364"
"2010","2010-06","SENGKANG","74161860"
"2010","2010-06","SERANGOON","29695744"
"2010","2010-06","TAMPINES","98879188"
"2010","2010-06","TOA PAYOH","44054640"
"2010","2010-06","WOODLANDS","106317716"
"2010","2010-06","YISHUN","73988759"
"2010","2010-07","ANG MO KIO","69051540"
"2010","2010-07","BEDOK","78318064"
"2010","2010-07","BISHAN","41548477"
"2010","2010-07","BUKIT BATOK","69898076"
"2010","2010-07","BUKIT MERAH","59053794"
"2010","2010-07","BUKIT PANJANG","46554588"
"2010","2010-07","BUKIT TIMAH","5623388"
"2010","2010-07","CENTRAL AREA","10348499"
"2010","2010-07","CHOA CHU KANG","52863992"
"2010","2010-07","CLEMENTI","35792976"
"2010","2010-07","GEYLANG","52145600"
"2010","2010-07","HOUGANG","76864352"
"2010","2010-07","JURONG EAST","32226000"
"2010","2010-07","JURONG WEST","106388376"
"2010","2010-07","KALLANG/WHAMPOA","45786588"
"2010","2010-07","MARINE PARADE","14436500"
"2010","2010-07","PASIR RIS","59458688"
"2010","2010-07","PUNGGOL","32299988"
"2010","2010-07","QUEENSTOWN","45018100"
"2010","2010-07","SEMBAWANG","37037852"
"2010","2010-07","SENGKANG","89599060"
"2010","2010-07","SERANGOON","32258576"
"2010","2010-07","TAMPINES","98076326"
"2010","2010-07","TOA PAYOH","37529780"
"2010","2010-07","WOODLANDS","117215139"
"2010","2010-07","YISHUN","71215816"
"2010","2010-08","ANG MO KIO","61405424"
"2010","2010-08","BEDOK","73648552"
"2010","2010-08","BISHAN","36363300"
"2010","2010-08","BUKIT BATOK","48938588"
"2010","2010-08","BUKIT MERAH","53785294"
"2010","2010-08","BUKIT PANJANG","37836795"
"2010","2010-08","BUKIT TIMAH","2303000"
"2010","2010-08","CENTRAL AREA","11280488"
"2010","2010-08","CHOA CHU KANG","53817276"
"2010","2010-08","CLEMENTI","37366164"
"2010","2010-08","GEYLANG","41653464"
"2010","2010-08","HOUGANG","70848264"
"2010","2010-08","JURONG EAST","26818300"
"2010","2010-08","JURONG WEST","109949020"
"2010","2010-08","KALLANG/WHAMPOA","41864752"
"2010","2010-08","MARINE PARADE","10907000"
"2010","2010-08","PASIR RIS","46102301"
"2010","2010-08","PUNGGOL","26533214"
"2010","2010-08","QUEENSTOWN","44584688"
"2010","2010-08","SEMBAWANG","35047852"
"2010","2010-08","SENGKANG","79978273"
"2010","2010-08","SERANGOON","33072388"
"2010","2010-08","TAMPINES","86645540"
"2010","2010-08","TOA PAYOH","35948508"
"2010","2010-08","WOODLANDS","114931736"
"2010","2010-08","YISHUN","60387588"
"2010","2010-09","ANG MO KIO","57495008"
"2010","2010-09","BEDOK","63409664"
"2010","2010-09","BISHAN","34684966"
"2010","2010-09","BUKIT BATOK","44385500"
"2010","2010-09","BUKIT MERAH","50639687"
"2010","2010-09","BUKIT PANJANG","39663589"
"2010","2010-09","BUKIT TIMAH","3101000"
"2010","2010-09","CENTRAL AREA","9551500"
"2010","2010-09","CHOA CHU KANG","56770776"
"2010","2010-09","CLEMENTI","30360200"
"2010","2010-09","GEYLANG","42863740"
"2010","2010-09","HOUGANG","53328164"
"2010","2010-09","JURONG EAST","25711688"
"2010","2010-09","JURONG WEST","90295088"
"2010","2010-09","KALLANG/WHAMPOA","39048200"
"2010","2010-09","MARINE PARADE","15783889"
"2010","2010-09","PASIR RIS","54028568"
"2010","2010-09","PUNGGOL","29779889"
"2010","2010-09","QUEENSTOWN","35579776"
"2010","2010-09","SEMBAWANG","26975576"
"2010","2010-09","SENGKANG","80519955"
"2010","2010-09","SERANGOON","31748100"
"2010","2010-09","TAMPINES","89624302"
"2010","2010-09","TOA PAYOH","39400946"
"2010","2010-09","WOODLANDS","94284820"
"2010","2010-09","YISHUN","55156377"
"2010","2010-10","ANG MO KIO","44228009"
"2010","2010-10","BEDOK","65556192"
"2010","2010-10","BISHAN","27258076"
"2010","2010-10","BUKIT BATOK","50154500"
"2010","2010-10","BUKIT MERAH","47940088"
"2010","2010-10","BUKIT PANJANG","37799189"
"2010","2010-10","BUKIT TIMAH","3080000"
"2010","2010-10","CENTRAL AREA","6623000"
"2010","2010-10","CHOA CHU KANG","59950772"
"2010","2010-10","CLEMENTI","29098888"
"2010","2010-10","GEYLANG","37091888"
"2010","2010-10","HOUGANG","55165264"
"2010","2010-10","JURONG EAST","24756776"
"2010","2010-10","JURONG WEST","87020880"
"2010","2010-10","KALLANG/WHAMPOA","38890964"
"2010","2010-10","MARINE PARADE","10572300"
"2010","2010-10","PASIR RIS","44094458"
"2010","2010-10","PUNGGOL","35570888"
"2010","2010-10","QUEENSTOWN","30934000"
"2010","2010-10","SEMBAWANG","21337276"
"2010","2010-10","SENGKANG","74500573"
"2010","2010-10","SERANGOON","24578688"
"2010","2010-10","TAMPINES","71986687"
"2010","2010-10","TOA PAYOH","31000875"
"2010","2010-10","WOODLANDS","88851676"
"2010","2010-10","YISHUN","66236984"
"2010","2010-11","ANG MO KIO","42184988"
"2010","2010-11","BEDOK","55398988"
"2010","2010-11","BISHAN","23108888"
"2010","2010-11","BUKIT BATOK","35056678"
"2010","2010-11","BUKIT MERAH","40521688"
"2010","2010-11","BUKIT PANJANG","30464159"
"2010","2010-11","BUKIT TIMAH","2769000"
"2010","2010-11","CENTRAL AREA","4186888"
"2010","2010-11","CHOA CHU KANG","31833068"
"2010","2010-11","CLEMENTI","25762988"
"2010","2010-11","GEYLANG","28809088"
"2010","2010-11","HOUGANG","45830461"
"2010","2010-11","JURONG EAST","19402552"
"2010","2010-11","JURONG WEST","71517764"
"2010","2010-11","KALLANG/WHAMPOA","27358568"
"2010","2010-11","MARINE PARADE","4499000"
"2010","2010-11","PASIR RIS","38682388"
"2010","2010-11","PUNGGOL","17923388"
"2010","2010-11","QUEENSTOWN","27256288"
"2010","2010-11","SEMBAWANG","17081276"
"2010","2010-11","SENGKANG","48415772"
"2010","2010-11","SERANGOON","18596330"
"2010","2010-11","TAMPINES","52795552"
"2010","2010-11","TOA PAYOH","31975700"
"2010","2010-11","WOODLANDS","85853688"
"2010","2010-11","YISHUN","50091676"
"2010","2010-12","ANG MO KIO","43268176"
"2010","2010-12","BEDOK","48497488"
"2010","2010-12","BISHAN","18146500"
"2010","2010-12","BUKIT BATOK","27483800"
"2010","2010-12","BUKIT MERAH","36784664"
"2010","2010-12","BUKIT PANJANG","31756900"
"2010","2010-12","BUKIT TIMAH","3001000"
"2010","2010-12","CENTRAL AREA","1554000"
"2010","2010-12","CHOA CHU KANG","35272988"
"2010","2010-12","CLEMENTI","19867800"
"2010","2010-12","GEYLANG","21361500"
"2010","2010-12","HOUGANG","40635276"
"2010","2010-12","JURONG EAST","25810887"
"2010","2010-12","JURONG WEST","71757998"
"2010","2010-12","KALLANG/WHAMPOA","26051588"
"2010","2010-12","MARINE PARADE","6600888"
"2010","2010-12","PASIR RIS","24783888"
"2010","2010-12","PUNGGOL","18920168"
"2010","2010-12","QUEENSTOWN","21454267"
"2010","2010-12","SEMBAWANG","21465276"
"2010","2010-12","SENGKANG","44480576"
"2010","2010-12","SERANGOON","18427000"
"2010","2010-12","TAMPINES","66656906"
"2010","2010-12","TOA PAYOH","29804682"
"2010","2010-12","WOODLANDS","68715800"
"2010","2010-12","YISHUN","39874576"
"2011","2011-01","ANG MO KIO","44429888"
"2011","2011-01","BEDOK","52727776"
"2011","2011-01","BISHAN","20475088"
"2011","2011-01","BUKIT BATOK","34292464"
"2011","2011-01","BUKIT MERAH","38121000"
"2011","2011-01","BUKIT PANJANG","27871664"
"2011","2011-01","BUKIT TIMAH","738000"
"2011","2011-01","CENTRAL AREA","5405388"
"2011","2011-01","CHOA CHU KANG","33566050"
"2011","2011-01","CLEMENTI","14390188"
"2011","2011-01","GEYLANG","22624288"
"2011","2011-01","HOUGANG","40613184"
"2011","2011-01","JURONG EAST","16902800"
"2011","2011-01","JURONG WEST","75723264"
"2011","2011-01","KALLANG/WHAMPOA","32036000"
"2011","2011-01","MARINE PARADE","7546150"
"2011","2011-01","PASIR RIS","35058388"
"2011","2011-01","PUNGGOL","20913400"
"2011","2011-01","QUEENSTOWN","27132400"
"2011","2011-01","SEMBAWANG","20724476"
"2011","2011-01","SENGKANG","44454328"
"2011","2011-01","SERANGOON","17954188"
"2011","2011-01","TAMPINES","64633732"
"2011","2011-01","TOA PAYOH","30138380"
"2011","2011-01","WOODLANDS","70381364"
"2011","2011-01","YISHUN","57020516"
"2011","2011-02","ANG MO KIO","32534964"
"2011","2011-02","BEDOK","35121077"
"2011","2011-02","BISHAN","17545689"
"2011","2011-02","BUKIT BATOK","31640600"
"2011","2011-02","BUKIT MERAH","35561988"
"2011","2011-02","BUKIT PANJANG","19794076"
"2011","2011-02","BUKIT TIMAH","1163000"
"2011","2011-02","CENTRAL AREA","4325000"
"2011","2011-02","CHOA CHU KANG","30867664"
"2011","2011-02","CLEMENTI","15032800"
"2011","2011-02","GEYLANG","20317100"
"2011","2011-02","HOUGANG","41073188"
"2011","2011-02","JURONG EAST","13410888"
"2011","2011-02","JURONG WEST","54148033"
"2011","2011-02","KALLANG/WHAMPOA","20757500"
"2011","2011-02","MARINE PARADE","7082000"
"2011","2011-02","PASIR RIS","27291776"
"2011","2011-02","PUNGGOL","22559600"
"2011","2011-02","QUEENSTOWN","23061944"
"2011","2011-02","SEMBAWANG","19901352"
"2011","2011-02","SENGKANG","53056828"
"2011","2011-02","SERANGOON","13959188"
"2011","2011-02","TAMPINES","55965565"
"2011","2011-02","TOA PAYOH","20023387"
"2011","2011-02","WOODLANDS","59896920"
"2011","2011-02","YISHUN","43072066"
"2011","2011-03","ANG MO KIO","33042564"
"2011","2011-03","BEDOK","48346638"
"2011","2011-03","BISHAN","18724075"
"2011","2011-03","BUKIT BATOK","25894588"
"2011","2011-03","BUKIT MERAH","35956664"
"2011","2011-03","BUKIT PANJANG","34997576"
"2011","2011-03","BUKIT TIMAH","1723000"
"2011","2011-03","CENTRAL AREA","3194000"
"2011","2011-03","CHOA CHU KANG","33238639"
"2011","2011-03","CLEMENTI","11437500"
"2011","2011-03","GEYLANG","23015300"
"2011","2011-03","HOUGANG","42039076"
"2011","2011-03","JURONG EAST","18077003"
"2011","2011-03","JURONG WEST","74000064"
"2011","2011-03","KALLANG/WHAMPOA","22362388"
"2011","2011-03","MARINE PARADE","9599800"
"2011","2011-03","PASIR RIS","31985488"
"2011","2011-03","PUNGGOL","28039988"
"2011","2011-03","QUEENSTOWN","26822888"
"2011","2011-03","SEMBAWANG","19613000"
"2011","2011-03","SENGKANG","53999764"
"2011","2011-03","SERANGOON","17121888"
"2011","2011-03","TAMPINES","59295776"
"2011","2011-03","TOA PAYOH","28759600"
"2011","2011-03","WOODLANDS","68762356"
"2011","2011-03","YISHUN","42903565"
"2011","2011-04","ANG MO KIO","33325352"
"2011","2011-04","BEDOK","52665000"
"2011","2011-04","BISHAN","19984576"
"2011","2011-04","BUKIT BATOK","39535823"
"2011","2011-04","BUKIT MERAH","39359076"
"2011","2011-04","BUKIT PANJANG","29855480"
"2011","2011-04","BUKIT TIMAH","2100000"
"2011","2011-04","CENTRAL AREA","6624000"
"2011","2011-04","CHOA CHU KANG","35382197"
"2011","2011-04","CLEMENTI","19784800"
"2011","2011-04","GEYLANG","18991500"
"2011","2011-04","HOUGANG","40816256"
"2011","2011-04","JURONG EAST","12804800"
"2011","2011-04","JURONG WEST","66906864"
"2011","2011-04","KALLANG/WHAMPOA","20732800"
"2011","2011-04","MARINE PARADE","5871800"
"2011","2011-04","PASIR RIS","27254100"
"2011","2011-04","PUNGGOL","31351801"
"2011","2011-04","QUEENSTOWN","20784986"
"2011","2011-04","SEMBAWANG","23715776"
"2011","2011-04","SENGKANG","58017774"
"2011","2011-04","SERANGOON","17648388"
"2011","2011-04","TAMPINES","57626056"
"2011","2011-04","TOA PAYOH","22643188"
"2011","2011-04","WOODLANDS","71361364"
"2011","2011-04","YISHUN","37695076"
"2011","2011-05","ANG MO KIO","38440052"
"2011","2011-05","BEDOK","44578388"
"2011","2011-05","BISHAN","17471276"
"2011","2011-05","BUKIT BATOK","34657964"
"2011","2011-05","BUKIT MERAH","43553276"
"2011","2011-05","BUKIT PANJANG","34973251"
"2011","2011-05","BUKIT TIMAH","3079888"
"2011","2011-05","CENTRAL AREA","10818388"
"2011","2011-05","CHOA CHU KANG","35701252"
"2011","2011-05","CLEMENTI","14864100"
"2011","2011-05","GEYLANG","25235738"
"2011","2011-05","HOUGANG","41979652"
"2011","2011-05","JURONG EAST","15862022"
"2011","2011-05","JURONG WEST","62382238"
"2011","2011-05","KALLANG/WHAMPOA","21832600"
"2011","2011-05","MARINE PARADE","4494500"
"2011","2011-05","PASIR RIS","29898432"
"2011","2011-05","PUNGGOL","23643176"
"2011","2011-05","QUEENSTOWN","24006352"
"2011","2011-05","SEMBAWANG","21556688"
"2011","2011-05","SENGKANG","61539064"
"2011","2011-05","SERANGOON","13878588"
"2011","2011-05","TAMPINES","56541538"
"2011","2011-05","TOA PAYOH","23998300"
"2011","2011-05","WOODLANDS","71440764"
"2011","2011-05","YISHUN","44632040"
"2011","2011-06","ANG MO KIO","34020076"
"2011","2011-06","BEDOK","44697026"
"2011","2011-06","BISHAN","18879000"
"2011","2011-06","BUKIT BATOK","31902388"
"2011","2011-06","BUKIT MERAH","40853388"
"2011","2011-06","BUKIT PANJANG","33610776"
"2011","2011-06","BUKIT TIMAH","1820000"
"2011","2011-06","CENTRAL AREA","7758500"
"2011","2011-06","CHOA CHU KANG","31852276"
"2011","2011-06","CLEMENTI","22059500"
"2011","2011-06","GEYLANG","28524388"
"2011","2011-06","HOUGANG","50779076"
"2011","2011-06","JURONG EAST","17779500"
"2011","2011-06","JURONG WEST","68026782"
"2011","2011-06","KALLANG/WHAMPOA","24951376"
"2011","2011-06","MARINE PARADE","4099300"
"2011","2011-06","PASIR RIS","33704380"
"2011","2011-06","PUNGGOL","27156465"
"2011","2011-06","QUEENSTOWN","26208296"
"2011","2011-06","SEMBAWANG","23291878"
"2011","2011-06","SENGKANG","60104576"
"2011","2011-06","SERANGOON","20543688"
"2011","2011-06","TAMPINES","58446577"
"2011","2011-06","TOA PAYOH","29846388"
"2011","2011-06","WOODLANDS","74745507"
"2011","2011-06","YISHUN","46070652"
"2011","2011-07","ANG MO KIO","44191276"
"2011","2011-07","BEDOK","45302428"
"2011","2011-07","BISHAN","24034800"
"2011","2011-07","BUKIT BATOK","28186500"
"2011","2011-07","BUKIT MERAH","42079876"
"2011","2011-07","BUKIT PANJANG","28598200"
"2011","2011-07","BUKIT TIMAH","1646000"
"2011","2011-07","CENTRAL AREA","4899000"
"2011","2011-07","CHOA CHU KANG","42562888"
"2011","2011-07","CLEMENTI","21237577"
"2011","2011-07","GEYLANG","24308000"
"2011","2011-07","HOUGANG","46239287"
"2011","2011-07","JURONG EAST","14862956"
"2011","2011-07","JURONG WEST","60353118"
"2011","2011-07","KALLANG/WHAMPOA","25927888"
"2011","2011-07","MARINE PARADE","8454276"
"2011","2011-07","PASIR RIS","35228180"
"2011","2011-07","PUNGGOL","27786576"
"2011","2011-07","QUEENSTOWN","25698076"
"2011","2011-07","SEMBAWANG","23174464"
"2011","2011-07","SENGKANG","52655664"
"2011","2011-07","SERANGOON","18223000"
"2011","2011-07","TAMPINES","57624388"
"2011","2011-07","TOA PAYOH","27361274"
"2011","2011-07","WOODLANDS","76566188"
"2011","2011-07","YISHUN","51251239"
"2011","2011-08","ANG MO KIO","37464628"
"2011","2011-08","BEDOK","43015300"
"2011","2011-08","BISHAN","20375776"
"2011","2011-08","BUKIT BATOK","29400300"
"2011","2011-08","BUKIT MERAH","41037144"
"2011","2011-08","BUKIT PANJANG","32856588"
"2011","2011-08","CENTRAL AREA","7043800"
"2011","2011-08","CHOA CHU KANG","37877688"
"2011","2011-08","CLEMENTI","11228776"
"2011","2011-08","GEYLANG","18979500"
"2011","2011-08","HOUGANG","38301500"
"2011","2011-08","JURONG EAST","20714388"
"2011","2011-08","JURONG WEST","57411699"
"2011","2011-08","KALLANG/WHAMPOA","24923652"
"2011","2011-08","MARINE PARADE","8633500"
"2011","2011-08","PASIR RIS","27373449"
"2011","2011-08","PUNGGOL","24295963"
"2011","2011-08","QUEENSTOWN","16858800"
"2011","2011-08","SEMBAWANG","15298888"
"2011","2011-08","SENGKANG","55747940"
"2011","2011-08","SERANGOON","16095000"
"2011","2011-08","TAMPINES","45263000"
"2011","2011-08","TOA PAYOH","21708800"
"2011","2011-08","WOODLANDS","59721564"
"2011","2011-08","YISHUN","42387944"
"2011","2011-09","ANG MO KIO","42447252"
"2011","2011-09","BEDOK","35803388"
"2011","2011-09","BISHAN","17706388"
"2011","2011-09","BUKIT BATOK","31364888"
"2011","2011-09","BUKIT MERAH","38376276"
"2011","2011-09","BUKIT PANJANG","34104562"
"2011","2011-09","BUKIT TIMAH","1345000"
"2011","2011-09","CENTRAL AREA","5860000"
"2011","2011-09","CHOA CHU KANG","35504214"
"2011","2011-09","CLEMENTI","17234368"
"2011","2011-09","GEYLANG","20106304"
"2011","2011-09","HOUGANG","37248464"
"2011","2011-09","JURONG EAST","18652188"
"2011","2011-09","JURONG WEST","61778852"
"2011","2011-09","KALLANG/WHAMPOA","24295156"
"2011","2011-09","MARINE PARADE","5454000"
"2011","2011-09","PASIR RIS","23768776"
"2011","2011-09","PUNGGOL","27849276"
"2011","2011-09","QUEENSTOWN","14743380"
"2011","2011-09","SEMBAWANG","22157038"
"2011","2011-09","SENGKANG","55661076"
"2011","2011-09","SERANGOON","23583964"
"2011","2011-09","TAMPINES","48495500"
"2011","2011-09","TOA PAYOH","34782784"
"2011","2011-09","WOODLANDS","58376116"
"2011","2011-09","YISHUN","44103065"
"2011","2011-10","ANG MO KIO","25892276"
"2011","2011-10","BEDOK","40988988"
"2011","2011-10","BISHAN","18848888"
"2011","2011-10","BUKIT BATOK","24969888"
"2011","2011-10","BUKIT MERAH","33488688"
"2011","2011-10","BUKIT PANJANG","36142068"
"2011","2011-10","BUKIT TIMAH","2083000"
"2011","2011-10","CENTRAL AREA","4196000"
"2011","2011-10","CHOA CHU KANG","25467477"
"2011","2011-10","CLEMENTI","18438200"
"2011","2011-10","GEYLANG","21462052"
"2011","2011-10","HOUGANG","44005676"
"2011","2011-10","JURONG EAST","16359488"
"2011","2011-10","JURONG WEST","57832865"
"2011","2011-10","KALLANG/WHAMPOA","15933600"
"2011","2011-10","MARINE PARADE","9735888"
"2011","2011-10","PASIR RIS","28895776"
"2011","2011-10","PUNGGOL","22264888"
"2011","2011-10","QUEENSTOWN","19278500"
"2011","2011-10","SEMBAWANG","11603000"
"2011","2011-10","SENGKANG","57405776"
"2011","2011-10","SERANGOON","23079888"
"2011","2011-10","TAMPINES","45963083"
"2011","2011-10","TOA PAYOH","25098500"
"2011","2011-10","WOODLANDS","56994538"
"2011","2011-10","YISHUN","34902500"
"2011","2011-11","ANG MO KIO","34145276"
"2011","2011-11","BEDOK","42620464"
"2011","2011-11","BISHAN","21137800"
"2011","2011-11","BUKIT BATOK","33870988"
"2011","2011-11","BUKIT MERAH","32658152"
"2011","2011-11","BUKIT PANJANG","28489540"
"2011","2011-11","BUKIT TIMAH","1935000"
"2011","2011-11","CENTRAL AREA","4422000"
"2011","2011-11","CHOA CHU KANG","32067788"
"2011","2011-11","CLEMENTI","24169888"
"2011","2011-11","GEYLANG","21330800"
"2011","2011-11","HOUGANG","42513518"
"2011","2011-11","JURONG EAST","12112388"
"2011","2011-11","JURONG WEST","58706277"
"2011","2011-11","KALLANG/WHAMPOA","23334488"
"2011","2011-11","MARINE PARADE","7695298"
"2011","2011-11","PASIR RIS","30414776"
"2011","2011-11","PUNGGOL","27722764"
"2011","2011-11","QUEENSTOWN","18489700"
"2011","2011-11","SEMBAWANG","18997388"
"2011","2011-11","SENGKANG","54431376"
"2011","2011-11","SERANGOON","20407488"
"2011","2011-11","TAMPINES","53103488"
"2011","2011-11","TOA PAYOH","20919000"
"2011","2011-11","WOODLANDS","63058752"
"2011","2011-11","YISHUN","45881964"
"2011","2011-12","ANG MO KIO","37539876"
"2011","2011-12","BEDOK","41028689"
"2011","2011-12","BISHAN","14623888"
"2011","2011-12","BUKIT BATOK","30006276"
"2011","2011-12","BUKIT MERAH","33673776"
"2011","2011-12","BUKIT PANJANG","24587488"
"2011","2011-12","BUKIT TIMAH","822000"
"2011","2011-12","CENTRAL AREA","4829300"
"2011","2011-12","CHOA CHU KANG","27115188"
"2011","2011-12","CLEMENTI","17097600"
"2011","2011-12","GEYLANG","20867276"
"2011","2011-12","HOUGANG","45118688"
"2011","2011-12","JURONG EAST","11204800"
"2011","2011-12","JURONG WEST","54297426"
"2011","2011-12","KALLANG/WHAMPOA","19565000"
"2011","2011-12","MARINE PARADE","2947000"
"2011","2011-12","PASIR RIS","26513000"
"2011","2011-12","PUNGGOL","24258076"
"2011","2011-12","QUEENSTOWN","17898988"
"2011","2011-12","SEMBAWANG","23755164"
"2011","2011-12","SENGKANG","35195852"
"2011","2011-12","SERANGOON","17854688"
"2011","2011-12","TAMPINES","51861488"
"2011","2011-12","TOA PAYOH","18694052"
"2011","2011-12","WOODLANDS","65803065"
"2011","2011-12","YISHUN","37923640"
"2012","2012-01","ANG MO KIO","32811977"
"2012","2012-01","BEDOK","41230668"
"2012","2012-01","BISHAN","14162776"
"2012","2012-01","BUKIT BATOK","23149276"
"2012","2012-01","BUKIT MERAH","29833652"
"2012","2012-01","BUKIT PANJANG","30283264"
"2012","2012-01","BUKIT TIMAH","1690000"
"2012","2012-01","CENTRAL AREA","6609000"
"2012","2012-01","CHOA CHU KANG","26868776"
"2012","2012-01","CLEMENTI","15805500"
"2012","2012-01","GEYLANG","20499388"
"2012","2012-01","HOUGANG","36088764"
"2012","2012-01","JURONG EAST","17046888"
"2012","2012-01","JURONG WEST","58324964"
"2012","2012-01","KALLANG/WHAMPOA","19396353"
"2012","2012-01","MARINE PARADE","3762888"
"2012","2012-01","PASIR RIS","30561300"
"2012","2012-01","PUNGGOL","20911076"
"2012","2012-01","QUEENSTOWN","16953388"
"2012","2012-01","SEMBAWANG","15110000"
"2012","2012-01","SENGKANG","47932688"
"2012","2012-01","SERANGOON","11746000"
"2012","2012-01","TAMPINES","51665876"
"2012","2012-01","TOA PAYOH","21239876"
"2012","2012-01","WOODLANDS","66846852"
"2012","2012-01","YISHUN","37857918"
"2012","2012-02","ANG MO KIO","29924968"
"2012","2012-02","BEDOK","38981888"
"2012","2012-02","BISHAN","13877300"
"2012","2012-02","BUKIT BATOK","30784876"
"2012","2012-02","BUKIT MERAH","32242288"
"2012","2012-02","BUKIT PANJANG","25646700"
"2012","2012-02","BUKIT TIMAH","1306000"
"2012","2012-02","CENTRAL AREA","5065000"
"2012","2012-02","CHOA CHU KANG","24849776"
"2012","2012-02","CLEMENTI","18152388"
"2012","2012-02","GEYLANG","19746300"
"2012","2012-02","HOUGANG","33188052"
"2012","2012-02","JURONG EAST","19373000"
"2012","2012-02","JURONG WEST","66285433"
"2012","2012-02","KALLANG/WHAMPOA","18732888"
"2012","2012-02","MARINE PARADE","3203888"
"2012","2012-02","PASIR RIS","28103300"
"2012","2012-02","PUNGGOL","23922800"
"2012","2012-02","QUEENSTOWN","20289877"
"2012","2012-02","SEMBAWANG","22207888"
"2012","2012-02","SENGKANG","44417764"
"2012","2012-02","SERANGOON","21512688"
"2012","2012-02","TAMPINES","61387464"
"2012","2012-02","TOA PAYOH","27157488"
"2012","2012-02","WOODLANDS","57146252"
"2012","2012-02","YISHUN","38247592"
"2012","2012-03","ANG MO KIO","51733688"
"2012","2012-03","BEDOK","56432080"
"2012","2012-03","BISHAN","29146276"
"2012","2012-03","BUKIT BATOK","44234376"
"2012","2012-03","BUKIT MERAH","61440452"
"2012","2012-03","BUKIT PANJANG","27838240"
"2012","2012-03","BUKIT TIMAH","3250000"
"2012","2012-03","CENTRAL AREA","6154388"
"2012","2012-03","CHOA CHU KANG","52270687"
"2012","2012-03","CLEMENTI","24553188"
"2012","2012-03","GEYLANG","29291076"
"2012","2012-03","HOUGANG","53734064"
"2012","2012-03","JURONG EAST","26231200"
"2012","2012-03","JURONG WEST","75586252"
"2012","2012-03","KALLANG/WHAMPOA","28828264"
"2012","2012-03","MARINE PARADE","8299000"
"2012","2012-03","PASIR RIS","32720388"
"2012","2012-03","PUNGGOL","50194276"
"2012","2012-03","QUEENSTOWN","29088164"
"2012","2012-03","SEMBAWANG","20988276"
"2012","2012-03","SENGKANG","56567550"
"2012","2012-03","SERANGOON","25106688"
"2012","2012-03","TAMPINES","79145272"
"2012","2012-03","TOA PAYOH","34619264"
"2012","2012-03","WOODLANDS","95100620"
"2012","2012-03","YISHUN","64964460"
"2012","2012-04","ANG MO KIO","43853464"
"2012","2012-04","BEDOK","49329100"
"2012","2012-04","BISHAN","21488000"
"2012","2012-04","BUKIT BATOK","42240952"
"2012","2012-04","BUKIT MERAH","50109488"
"2012","2012-04","BUKIT PANJANG","39002720"
"2012","2012-04","BUKIT TIMAH","2555500"
"2012","2012-04","CENTRAL AREA","6943938"
"2012","2012-04","CHOA CHU KANG","54233364"
"2012","2012-04","CLEMENTI","25353500"
"2012","2012-04","GEYLANG","22888388"
"2012","2012-04","HOUGANG","41182576"
"2012","2012-04","JURONG EAST","17591300"
"2012","2012-04","JURONG WEST","74723641"
"2012","2012-04","KALLANG/WHAMPOA","27798888"
"2012","2012-04","MARINE PARADE","5939000"
"2012","2012-04","PASIR RIS","38804220"
"2012","2012-04","PUNGGOL","38969000"
"2012","2012-04","QUEENSTOWN","26797988"
"2012","2012-04","SEMBAWANG","15799688"
"2012","2012-04","SENGKANG","67065064"
"2012","2012-04","SERANGOON","18173276"
"2012","2012-04","TAMPINES","70813845"
"2012","2012-04","TOA PAYOH","30611764"
"2012","2012-04","WOODLANDS","88832928"
"2012","2012-04","YISHUN","54079388"
"2012","2012-05","ANG MO KIO","43894364"
"2012","2012-05","BEDOK","57774352"
"2012","2012-05","BISHAN","19400000"
"2012","2012-05","BUKIT BATOK","40764100"
"2012","2012-05","BUKIT MERAH","61325476"
"2012","2012-05","BUKIT PANJANG","34248776"
"2012","2012-05","BUKIT TIMAH","4547800"
"2012","2012-05","CENTRAL AREA","4690800"
"2012","2012-05","CHOA CHU KANG","48058440"
"2012","2012-05","CLEMENTI","31578696"
"2012","2012-05","GEYLANG","31918584"
"2012","2012-05","HOUGANG","57130875"
"2012","2012-05","JURONG EAST","22695500"
"2012","2012-05","JURONG WEST","80708020"
"2012","2012-05","KALLANG/WHAMPOA","29870888"
"2012","2012-05","MARINE PARADE","7736800"
"2012","2012-05","PASIR RIS","42686964"
"2012","2012-05","PUNGGOL","39398187"
"2012","2012-05","QUEENSTOWN","31376576"
"2012","2012-05","SEMBAWANG","25724288"
"2012","2012-05","SENGKANG","68427264"
"2012","2012-05","SERANGOON","26291776"
"2012","2012-05","TAMPINES","66158290"
"2012","2012-05","TOA PAYOH","40392688"
"2012","2012-05","WOODLANDS","91207464"
"2012","2012-05","YISHUN","59343488"
"2012","2012-06","ANG MO KIO","38682476"
"2012","2012-06","BEDOK","53086652"
"2012","2012-06","BISHAN","20676088"
"2012","2012-06","BUKIT BATOK","38357076"
"2012","2012-06","BUKIT MERAH","35335388"
"2012","2012-06","BUKIT PANJANG","35007288"
"2012","2012-06","BUKIT TIMAH","2473000"
"2012","2012-06","CENTRAL AREA","6308400"
"2012","2012-06","CHOA CHU KANG","46618700"
"2012","2012-06","CLEMENTI","24961488"
"2012","2012-06","GEYLANG","28965388"
"2012","2012-06","HOUGANG","41634876"
"2012","2012-06","JURONG EAST","15852268"
"2012","2012-06","JURONG WEST","74284964"
"2012","2012-06","KALLANG/WHAMPOA","25593600"
"2012","2012-06","MARINE PARADE","6866000"
"2012","2012-06","PASIR RIS","39577188"
"2012","2012-06","PUNGGOL","36420276"
"2012","2012-06","QUEENSTOWN","28081264"
"2012","2012-06","SEMBAWANG","23404264"
"2012","2012-06","SENGKANG","47452576"
"2012","2012-06","SERANGOON","17903600"
"2012","2012-06","TAMPINES","69922352"
"2012","2012-06","TOA PAYOH","26691300"
"2012","2012-06","WOODLANDS","74025953"
"2012","2012-06","YISHUN","58425364"
"2012","2012-07","ANG MO KIO","45327488"
"2012","2012-07","BEDOK","62630276"
"2012","2012-07","BISHAN","19347000"
"2012","2012-07","BUKIT BATOK","43376589"
"2012","2012-07","BUKIT MERAH","42911388"
"2012","2012-07","BUKIT PANJANG","35499176"
"2012","2012-07","BUKIT TIMAH","990000"
"2012","2012-07","CENTRAL AREA","3565000"
"2012","2012-07","CHOA CHU KANG","52414700"
"2012","2012-07","CLEMENTI","21495080"
"2012","2012-07","GEYLANG","26595900"
"2012","2012-07","HOUGANG","49842784"
"2012","2012-07","JURONG EAST","20968809"
"2012","2012-07","JURONG WEST","91253740"
"2012","2012-07","KALLANG/WHAMPOA","26245556"
"2012","2012-07","MARINE PARADE","7881500"
"2012","2012-07","PASIR RIS","39851388"
"2012","2012-07","PUNGGOL","33066376"
"2012","2012-07","QUEENSTOWN","20465000"
"2012","2012-07","SEMBAWANG","26578300"
"2012","2012-07","SENGKANG","66830052"
"2012","2012-07","SERANGOON","25709943"
"2012","2012-07","TAMPINES","69305352"
"2012","2012-07","TOA PAYOH","38264076"
"2012","2012-07","WOODLANDS","80038293"
"2012","2012-07","YISHUN","50909076"
"2012","2012-08","ANG MO KIO","47791464"
"2012","2012-08","BEDOK","52139500"
"2012","2012-08","BISHAN","21769300"
"2012","2012-08","BUKIT BATOK","37987675"
"2012","2012-08","BUKIT MERAH","37432652"
"2012","2012-08","BUKIT PANJANG","35337667"
"2012","2012-08","BUKIT TIMAH","1615000"
"2012","2012-08","CENTRAL AREA","5745000"
"2012","2012-08","CHOA CHU KANG","41885360"
"2012","2012-08","CLEMENTI","26756276"
"2012","2012-08","GEYLANG","21052000"
"2012","2012-08","HOUGANG","57296776"
"2012","2012-08","JURONG EAST","14207976"
"2012","2012-08","JURONG WEST","79639475"
"2012","2012-08","KALLANG/WHAMPOA","24113188"
"2012","2012-08","MARINE PARADE","9870888"
"2012","2012-08","PASIR RIS","37698826"
"2012","2012-08","PUNGGOL","37426888"
"2012","2012-08","QUEENSTOWN","34342576"
"2012","2012-08","SEMBAWANG","24506528"
"2012","2012-08","SENGKANG","62232016"
"2012","2012-08","SERANGOON","19315276"
"2012","2012-08","TAMPINES","71773976"
"2012","2012-08","TOA PAYOH","33652798"
"2012","2012-08","WOODLANDS","79381146"
"2012","2012-08","YISHUN","56508040"
"2012","2012-09","ANG MO KIO","42977076"
"2012","2012-09","BEDOK","50492880"
"2012","2012-09","BISHAN","15981169"
"2012","2012-09","BUKIT BATOK","36348988"
"2012","2012-09","BUKIT MERAH","32117988"
"2012","2012-09","BUKIT PANJANG","25687276"
"2012","2012-09","BUKIT TIMAH","4267500"
"2012","2012-09","CENTRAL AREA","4306000"
"2012","2012-09","CHOA CHU KANG","37259464"
"2012","2012-09","CLEMENTI","16564864"
"2012","2012-09","GEYLANG","16743100"
"2012","2012-09","HOUGANG","38614376"
"2012","2012-09","JURONG EAST","16949400"
"2012","2012-09","JURONG WEST","63189264"
"2012","2012-09","KALLANG/WHAMPOA","22123500"
"2012","2012-09","MARINE PARADE","10657000"
"2012","2012-09","PASIR RIS","35748076"
"2012","2012-09","PUNGGOL","28915388"
"2012","2012-09","QUEENSTOWN","23123063"
"2012","2012-09","SEMBAWANG","25678500"
"2012","2012-09","SENGKANG","48354052"
"2012","2012-09","SERANGOON","22086000"
"2012","2012-09","TAMPINES","67925289"
"2012","2012-09","TOA PAYOH","31408300"
"2012","2012-09","WOODLANDS","67248388"
"2012","2012-09","YISHUN","43737752"
"2012","2012-10","ANG MO KIO","32144576"
"2012","2012-10","BEDOK","58453276"
"2012","2012-10","BISHAN","21074000"
"2012","2012-10","BUKIT BATOK","42502500"
"2012","2012-10","BUKIT MERAH","40712664"
"2012","2012-10","BUKIT PANJANG","33408364"
"2012","2012-10","BUKIT TIMAH","1357000"
"2012","2012-10","CENTRAL AREA","6854000"
"2012","2012-10","CHOA CHU KANG","33099888"
"2012","2012-10","CLEMENTI","20855500"
"2012","2012-10","GEYLANG","23927064"
"2012","2012-10","HOUGANG","50172756"
"2012","2012-10","JURONG EAST","16738388"
"2012","2012-10","JURONG WEST","67832988"
"2012","2012-10","KALLANG/WHAMPOA","26322100"
"2012","2012-10","MARINE PARADE","5294000"
"2012","2012-10","PASIR RIS","45098888"
"2012","2012-10","PUNGGOL","40825388"
"2012","2012-10","QUEENSTOWN","27087277"
"2012","2012-10","SEMBAWANG","25204000"
"2012","2012-10","SENGKANG","66219540"
"2012","2012-10","SERANGOON","18400376"
"2012","2012-10","TAMPINES","64615188"
"2012","2012-10","TOA PAYOH","25323488"
"2012","2012-10","WOODLANDS","76397464"
"2012","2012-10","YISHUN","48644928"
"2012","2012-11","ANG MO KIO","33561564"
"2012","2012-11","BEDOK","43967576"
"2012","2012-11","BISHAN","19210000"
"2012","2012-11","BUKIT BATOK","36372764"
"2012","2012-11","BUKIT MERAH","33610776"
"2012","2012-11","BUKIT PANJANG","32520776"
"2012","2012-11","BUKIT TIMAH","2558000"
"2012","2012-11","CENTRAL AREA","3350000"
"2012","2012-11","CHOA CHU KANG","35127100"
"2012","2012-11","CLEMENTI","18723164"
"2012","2012-11","GEYLANG","20405276"
"2012","2012-11","HOUGANG","39372628"
"2012","2012-11","JURONG EAST","22937388"
"2012","2012-11","JURONG WEST","72614276"
"2012","2012-11","KALLANG/WHAMPOA","24859300"
"2012","2012-11","MARINE PARADE","7613000"
"2012","2012-11","PASIR RIS","36161275"
"2012","2012-11","PUNGGOL","20669000"
"2012","2012-11","QUEENSTOWN","19594964"
"2012","2012-11","SEMBAWANG","22940888"
"2012","2012-11","SENGKANG","56531985"
"2012","2012-11","SERANGOON","15277000"
"2012","2012-11","TAMPINES","68751844"
"2012","2012-11","TOA PAYOH","23289032"
"2012","2012-11","WOODLANDS","73282246"
"2012","2012-11","YISHUN","42803351"
"2012","2012-12","ANG MO KIO","30818246"
"2012","2012-12","BEDOK","36491664"
"2012","2012-12","BISHAN","16608888"
"2012","2012-12","BUKIT BATOK","19715976"
"2012","2012-12","BUKIT MERAH","25834500"
"2012","2012-12","BUKIT PANJANG","25956188"
"2012","2012-12","BUKIT TIMAH","1110000"
"2012","2012-12","CENTRAL AREA","2701000"
"2012","2012-12","CHOA CHU KANG","36884889"
"2012","2012-12","CLEMENTI","14051800"
"2012","2012-12","GEYLANG","16395999"
"2012","2012-12","HOUGANG","33929188"
"2012","2012-12","JURONG EAST","15209800"
"2012","2012-12","JURONG WEST","53735120"
"2012","2012-12","KALLANG/WHAMPOA","21513388"
"2012","2012-12","MARINE PARADE","9063388"
"2012","2012-12","PASIR RIS","28319800"
"2012","2012-12","PUNGGOL","17426500"
"2012","2012-12","QUEENSTOWN","21851775"
"2012","2012-12","SEMBAWANG","20774444"
"2012","2012-12","SENGKANG","53527330"
"2012","2012-12","SERANGOON","15574776"
"2012","2012-12","TAMPINES","55122688"
"2012","2012-12","TOA PAYOH","21709388"
"2012","2012-12","WOODLANDS","68167640"
"2012","2012-12","YISHUN","46393263"
"2013","2013-01","ANG MO KIO","31518920"
"2013","2013-01","BEDOK","44313696"
"2013","2013-01","BISHAN","17472777"
"2013","2013-01","BUKIT BATOK","21617988"
"2013","2013-01","BUKIT MERAH","35253300"
"2013","2013-01","BUKIT PANJANG","27937888"
"2013","2013-01","BUKIT TIMAH","2886000"
"2013","2013-01","CENTRAL AREA","3598500"
"2013","2013-01","CHOA CHU KANG","33346552"
"2013","2013-01","CLEMENTI","14204388"
"2013","2013-01","GEYLANG","15827888"
"2013","2013-01","HOUGANG","41687276"
"2013","2013-01","JURONG EAST","17435868"
"2013","2013-01","JURONG WEST","67147178"
"2013","2013-01","KALLANG/WHAMPOA","21969166"
"2013","2013-01","MARINE PARADE","3592000"
"2013","2013-01","PASIR RIS","25534364"
"2013","2013-01","PUNGGOL","18760300"
"2013","2013-01","QUEENSTOWN","23554676"
"2013","2013-01","SEMBAWANG","28260940"
"2013","2013-01","SENGKANG","61414104"
"2013","2013-01","SERANGOON","16453000"
"2013","2013-01","TAMPINES","54405933"
"2013","2013-01","TOA PAYOH","28798876"
"2013","2013-01","WOODLANDS","71165656"
"2013","2013-01","YISHUN","52095088"
"2013","2013-02","ANG MO KIO","16915976"
"2013","2013-02","BEDOK","32646800"
"2013","2013-02","BISHAN","9982000"
"2013","2013-02","BUKIT BATOK","16317888"
"2013","2013-02","BUKIT MERAH","21428776"
"2013","2013-02","BUKIT PANJANG","14569000"
"2013","2013-02","BUKIT TIMAH","1073000"
"2013","2013-02","CENTRAL AREA","3693000"
"2013","2013-02","CHOA CHU KANG","15870076"
"2013","2013-02","CLEMENTI","10137000"
"2013","2013-02","GEYLANG","12798000"
"2013","2013-02","HOUGANG","21711388"
"2013","2013-02","JURONG EAST","8711888"
"2013","2013-02","JURONG WEST","27910300"
"2013","2013-02","KALLANG/WHAMPOA","9371000"
"2013","2013-02","MARINE PARADE","4300000"
"2013","2013-02","PASIR RIS","15604500"
"2013","2013-02","PUNGGOL","7725300"
"2013","2013-02","QUEENSTOWN","14598388"
"2013","2013-02","SEMBAWANG","9405588"
"2013","2013-02","SENGKANG","25914852"
"2013","2013-02","SERANGOON","8876500"
"2013","2013-02","TAMPINES","27616276"
"2013","2013-02","TOA PAYOH","18139000"
"2013","2013-02","WOODLANDS","36767776"
"2013","2013-02","YISHUN","28466464"
"2013","2013-03","ANG MO KIO","26569452"
"2013","2013-03","BEDOK","38355000"
"2013","2013-03","BISHAN","16119688"
"2013","2013-03","BUKIT BATOK","24263688"
"2013","2013-03","BUKIT MERAH","34833888"
"2013","2013-03","BUKIT PANJANG","21163626"
"2013","2013-03","CENTRAL AREA","1458000"
"2013","2013-03","CHOA CHU KANG","20593800"
"2013","2013-03","CLEMENTI","14881688"
"2013","2013-03","GEYLANG","20116888"
"2013","2013-03","HOUGANG","31690988"
"2013","2013-03","JURONG EAST","16808800"
"2013","2013-03","JURONG WEST","53911076"
"2013","2013-03","KALLANG/WHAMPOA","19243693"
"2013","2013-03","MARINE PARADE","5451600"
"2013","2013-03","PASIR RIS","21600300"
"2013","2013-03","PUNGGOL","13722000"
"2013","2013-03","QUEENSTOWN","17286500"
"2013","2013-03","SEMBAWANG","11108000"
"2013","2013-03","SENGKANG","44804852"
"2013","2013-03","SERANGOON","14210888"
"2013","2013-03","TAMPINES","45578300"
"2013","2013-03","TOA PAYOH","21544464"
"2013","2013-03","WOODLANDS","50707620"
"2013","2013-03","YISHUN","36046387"
"2013","2013-04","ANG MO KIO","32233264"
"2013","2013-04","BEDOK","47577818"
"2013","2013-04","BISHAN","11772500"
"2013","2013-04","BUKIT BATOK","27957000"
"2013","2013-04","BUKIT MERAH","48578188"
"2013","2013-04","BUKIT PANJANG","22989688"
"2013","2013-04","BUKIT TIMAH","2905000"
"2013","2013-04","CENTRAL AREA","4443000"
"2013","2013-04","CHOA CHU KANG","31609164"
"2013","2013-04","CLEMENTI","22443188"
"2013","2013-04","GEYLANG","20506800"
"2013","2013-04","HOUGANG","38205164"
"2013","2013-04","JURONG EAST","18513188"
"2013","2013-04","JURONG WEST","75529528"
"2013","2013-04","KALLANG/WHAMPOA","26290888"
"2013","2013-04","MARINE PARADE","3114000"
"2013","2013-04","PASIR RIS","34532888"
"2013","2013-04","PUNGGOL","17567000"
"2013","2013-04","QUEENSTOWN","22626588"
"2013","2013-04","SEMBAWANG","16897700"
"2013","2013-04","SENGKANG","69929404"
"2013","2013-04","SERANGOON","20846776"
"2013","2013-04","TAMPINES","58857776"
"2013","2013-04","TOA PAYOH","29906888"
"2013","2013-04","WOODLANDS","71634684"
"2013","2013-04","YISHUN","47225676"
"2013","2013-05","ANG MO KIO","40929988"
"2013","2013-05","BEDOK","49721188"
"2013","2013-05","BISHAN","19733988"
"2013","2013-05","BUKIT BATOK","28054764"
"2013","2013-05","BUKIT MERAH","30725300"
"2013","2013-05","BUKIT PANJANG","23213688"
"2013","2013-05","BUKIT TIMAH","4643000"
"2013","2013-05","CENTRAL AREA","4998888"
"2013","2013-05","CHOA CHU KANG","32322664"
"2013","2013-05","CLEMENTI","21352288"
"2013","2013-05","GEYLANG","28255888"
"2013","2013-05","HOUGANG","37597956"
"2013","2013-05","JURONG EAST","24254980"
"2013","2013-05","JURONG WEST","60178539"
"2013","2013-05","KALLANG/WHAMPOA","23928442"
"2013","2013-05","MARINE PARADE","8629000"
"2013","2013-05","PASIR RIS","25274500"
"2013","2013-05","PUNGGOL","23714000"
"2013","2013-05","QUEENSTOWN","26512188"
"2013","2013-05","SEMBAWANG","16100688"
"2013","2013-05","SENGKANG","50114987"
"2013","2013-05","SERANGOON","20816200"
"2013","2013-05","TAMPINES","48754088"
"2013","2013-05","TOA PAYOH","28227638"
"2013","2013-05","WOODLANDS","63339452"
"2013","2013-05","YISHUN","33510940"
"2013","2013-06","ANG MO KIO","37292376"
"2013","2013-06","BEDOK","38360352"
"2013","2013-06","BISHAN","14272088"
"2013","2013-06","BUKIT BATOK","22561776"
"2013","2013-06","BUKIT MERAH","29708276"
"2013","2013-06","BUKIT PANJANG","19394500"
"2013","2013-06","BUKIT TIMAH","1422000"
"2013","2013-06","CENTRAL AREA","1608000"
"2013","2013-06","CHOA CHU KANG","28134500"
"2013","2013-06","CLEMENTI","13066500"
"2013","2013-06","GEYLANG","15080100"
"2013","2013-06","HOUGANG","29766600"
"2013","2013-06","JURONG EAST","12956576"
"2013","2013-06","JURONG WEST","47709188"
"2013","2013-06","KALLANG/WHAMPOA","22547396"
"2013","2013-06","MARINE PARADE","7883776"
"2013","2013-06","PASIR RIS","23562500"
"2013","2013-06","PUNGGOL","14595876"
"2013","2013-06","QUEENSTOWN","18003776"
"2013","2013-06","SEMBAWANG","12922988"
"2013","2013-06","SENGKANG","43533452"
"2013","2013-06","SERANGOON","14794664"
"2013","2013-06","TAMPINES","45030764"
"2013","2013-06","TOA PAYOH","24892688"
"2013","2013-06","WOODLANDS","53342776"
"2013","2013-06","YISHUN","36665488"
"2013","2013-07","ANG MO KIO","34327700"
"2013","2013-07","BEDOK","39563000"
"2013","2013-07","BISHAN","12408978"
"2013","2013-07","BUKIT BATOK","26502398"
"2013","2013-07","BUKIT MERAH","30446650"
"2013","2013-07","BUKIT PANJANG","20999276"
"2013","2013-07","BUKIT TIMAH","2582000"
"2013","2013-07","CENTRAL AREA","4027778"
"2013","2013-07","CHOA CHU KANG","23568664"
"2013","2013-07","CLEMENTI","18207100"
"2013","2013-07","GEYLANG","18598576"
"2013","2013-07","HOUGANG","42708052"
"2013","2013-07","JURONG EAST","15909388"
"2013","2013-07","JURONG WEST","65713728"
"2013","2013-07","KALLANG/WHAMPOA","30101388"
"2013","2013-07","MARINE PARADE","3256000"
"2013","2013-07","PASIR RIS","25297188"
"2013","2013-07","PUNGGOL","22518964"
"2013","2013-07","QUEENSTOWN","21240887"
"2013","2013-07","SEMBAWANG","12417000"
"2013","2013-07","SENGKANG","52013776"
"2013","2013-07","SERANGOON","19458775"
"2013","2013-07","TAMPINES","46263154"
"2013","2013-07","TOA PAYOH","22756000"
"2013","2013-07","WOODLANDS","61675852"
"2013","2013-07","YISHUN","38462576"
"2013","2013-08","ANG MO KIO","28786788"
"2013","2013-08","BEDOK","47219688"
"2013","2013-08","BISHAN","16460888"
"2013","2013-08","BUKIT BATOK","17346276"
"2013","2013-08","BUKIT MERAH","42097756"
"2013","2013-08","BUKIT PANJANG","17804688"
"2013","2013-08","CENTRAL AREA","3180888"
"2013","2013-08","CHOA CHU KANG","22376576"
"2013","2013-08","CLEMENTI","19746576"
"2013","2013-08","GEYLANG","18100000"
"2013","2013-08","HOUGANG","39844464"
"2013","2013-08","JURONG EAST","14447459"
"2013","2013-08","JURONG WEST","51238029"
"2013","2013-08","KALLANG/WHAMPOA","20949058"
"2013","2013-08","MARINE PARADE","4154888"
"2013","2013-08","PASIR RIS","21357188"
"2013","2013-08","PUNGGOL","13858388"
"2013","2013-08","QUEENSTOWN","21330500"
"2013","2013-08","SEMBAWANG","16009388"
"2013","2013-08","SENGKANG","35909164"
"2013","2013-08","SERANGOON","11787777"
"2013","2013-08","TAMPINES","54299876"
"2013","2013-08","TOA PAYOH","22485464"
"2013","2013-08","WOODLANDS","57081876"
"2013","2013-08","YISHUN","31559840"
"2013","2013-09","ANG MO KIO","24889388"
"2013","2013-09","BEDOK","38885400"
"2013","2013-09","BISHAN","12679888"
"2013","2013-09","BUKIT BATOK","20477488"
"2013","2013-09","BUKIT MERAH","33159526"
"2013","2013-09","BUKIT PANJANG","14096000"
"2013","2013-09","BUKIT TIMAH","1035000"
"2013","2013-09","CENTRAL AREA","3902500"
"2013","2013-09","CHOA CHU KANG","20585688"
"2013","2013-09","CLEMENTI","13394500"
"2013","2013-09","GEYLANG","13767388"
"2013","2013-09","HOUGANG","30698488"
"2013","2013-09","JURONG EAST","11275500"
"2013","2013-09","JURONG WEST","44055864"
"2013","2013-09","KALLANG/WHAMPOA","19200176"
"2013","2013-09","MARINE PARADE","6243776"
"2013","2013-09","PASIR RIS","21362500"
"2013","2013-09","PUNGGOL","15992688"
"2013","2013-09","QUEENSTOWN","17143888"
"2013","2013-09","SEMBAWANG","16104888"
"2013","2013-09","SENGKANG","34776464"
"2013","2013-09","SERANGOON","12629188"
"2013","2013-09","TAMPINES","46202952"
"2013","2013-09","TOA PAYOH","21560188"
"2013","2013-09","WOODLANDS","41205914"
"2013","2013-09","YISHUN","37551976"
"2013","2013-10","ANG MO KIO","28875940"
"2013","2013-10","BEDOK","44242844"
"2013","2013-10","BISHAN","18584776"
"2013","2013-10","BUKIT BATOK","29061513"
"2013","2013-10","BUKIT MERAH","33274464"
"2013","2013-10","BUKIT PANJANG","22897688"
"2013","2013-10","BUKIT TIMAH","1768000"
"2013","2013-10","CENTRAL AREA","7341888"
"2013","2013-10","CHOA CHU KANG","19721776"
"2013","2013-10","CLEMENTI","20800500"
"2013","2013-10","GEYLANG","18152690"
"2013","2013-10","HOUGANG","28857940"
"2013","2013-10","JURONG EAST","15594500"
"2013","2013-10","JURONG WEST","50637652"
"2013","2013-10","KALLANG/WHAMPOA","17409276"
"2013","2013-10","MARINE PARADE","3981000"
"2013","2013-10","PASIR RIS","27495800"
"2013","2013-10","PUNGGOL","15387776"
"2013","2013-10","QUEENSTOWN","19345776"
"2013","2013-10","SEMBAWANG","10555500"
"2013","2013-10","SENGKANG","39661388"
"2013","2013-10","SERANGOON","13897300"
"2013","2013-10","TAMPINES","46999000"
"2013","2013-10","TOA PAYOH","23703188"
"2013","2013-10","WOODLANDS","55250464"
"2013","2013-10","YISHUN","40004076"
"2013","2013-11","ANG MO KIO","21731068"
"2013","2013-11","BEDOK","38185928"
"2013","2013-11","BISHAN","13269888"
"2013","2013-11","BUKIT BATOK","23616600"
"2013","2013-11","BUKIT MERAH","32685932"
"2013","2013-11","BUKIT PANJANG","21457964"
"2013","2013-11","BUKIT TIMAH","1161000"
"2013","2013-11","CENTRAL AREA","5368688"
"2013","2013-11","CHOA CHU KANG","20368500"
"2013","2013-11","CLEMENTI","15321800"
"2013","2013-11","GEYLANG","12721776"
"2013","2013-11","HOUGANG","27798588"
"2013","2013-11","JURONG EAST","12797100"
"2013","2013-11","JURONG WEST","43666776"
"2013","2013-11","KALLANG/WHAMPOA","15237276"
"2013","2013-11","MARINE PARADE","3635000"
"2013","2013-11","PASIR RIS","20984338"
"2013","2013-11","PUNGGOL","13992888"
"2013","2013-11","QUEENSTOWN","23181076"
"2013","2013-11","SEMBAWANG","10951800"
"2013","2013-11","SENGKANG","31429076"
"2013","2013-11","SERANGOON","14424000"
"2013","2013-11","TAMPINES","38858665"
"2013","2013-11","TOA PAYOH","17239000"
"2013","2013-11","WOODLANDS","50030275"
"2013","2013-11","YISHUN","32122588"
"2013","2013-12","ANG MO KIO","16505776"
"2013","2013-12","BEDOK","38739776"
"2013","2013-12","BISHAN","13502276"
"2013","2013-12","BUKIT BATOK","14364000"
"2013","2013-12","BUKIT MERAH","28182000"
"2013","2013-12","BUKIT PANJANG","12320776"
"2013","2013-12","BUKIT TIMAH","3584888"
"2013","2013-12","CENTRAL AREA","3548388"
"2013","2013-12","CHOA CHU KANG","12760976"
"2013","2013-12","CLEMENTI","14144688"
"2013","2013-12","GEYLANG","16432852"
"2013","2013-12","HOUGANG","24876500"
"2013","2013-12","JURONG EAST","8384000"
"2013","2013-12","JURONG WEST","37626576"
"2013","2013-12","KALLANG/WHAMPOA","13789776"
"2013","2013-12","MARINE PARADE","8932000"
"2013","2013-12","PASIR RIS","22780896"
"2013","2013-12","PUNGGOL","11299386"
"2013","2013-12","QUEENSTOWN","15280688"
"2013","2013-12","SEMBAWANG","7283288"
"2013","2013-12","SENGKANG","21154664"
"2013","2013-12","SERANGOON","13272718"
"2013","2013-12","TAMPINES","28420464"
"2013","2013-12","TOA PAYOH","15481300"
"2013","2013-12","WOODLANDS","35735052"
"2013","2013-12","YISHUN","30209128"
"2014","2014-01","ANG MO KIO","23833276"
"2014","2014-01","BEDOK","30534800"
"2014","2014-01","BISHAN","10477088"
"2014","2014-01","BUKIT BATOK","16098776"
"2014","2014-01","BUKIT MERAH","25948088"
"2014","2014-01","BUKIT PANJANG","15942052"
"2014","2014-01","BUKIT TIMAH","1390000"
"2014","2014-01","CENTRAL AREA","6147688"
"2014","2014-01","CHOA CHU KANG","12429999"
"2014","2014-01","CLEMENTI","14641300"
"2014","2014-01","GEYLANG","14507000"
"2014","2014-01","HOUGANG","29559276"
"2014","2014-01","JURONG EAST","13864200"
"2014","2014-01","JURONG WEST","34194188"
"2014","2014-01","KALLANG/WHAMPOA","15699576"
"2014","2014-01","MARINE PARADE","7696500"
"2014","2014-01","PASIR RIS","23061000"
"2014","2014-01","PUNGGOL","11459776"
"2014","2014-01","QUEENSTOWN","15511388"
"2014","2014-01","SEMBAWANG","12211888"
"2014","2014-01","SENGKANG","33859000"
"2014","2014-01","SERANGOON","13433488"
"2014","2014-01","TAMPINES","35605577"
"2014","2014-01","TOA PAYOH","16192688"
"2014","2014-01","WOODLANDS","30481488"
"2014","2014-01","YISHUN","32231464"
"2014","2014-02","ANG MO KIO","23785276"
"2014","2014-02","BEDOK","24431400"
"2014","2014-02","BISHAN","11528000"
"2014","2014-02","BUKIT BATOK","17086888"
"2014","2014-02","BUKIT MERAH","19438888"
"2014","2014-02","BUKIT PANJANG","9531688"
"2014","2014-02","BUKIT TIMAH","790000"
"2014","2014-02","CENTRAL AREA","3247888"
"2014","2014-02","CHOA CHU KANG","14053888"
"2014","2014-02","CLEMENTI","7351000"
"2014","2014-02","GEYLANG","10068800"
"2014","2014-02","HOUGANG","27831776"
"2014","2014-02","JURONG EAST","8373888"
"2014","2014-02","JURONG WEST","29698975"
"2014","2014-02","KALLANG/WHAMPOA","14731889"
"2014","2014-02","MARINE PARADE","4422000"
"2014","2014-02","PASIR RIS","18066888"
"2014","2014-02","PUNGGOL","15469776"
"2014","2014-02","QUEENSTOWN","16869088"
"2014","2014-02","SEMBAWANG","8198888"
"2014","2014-02","SENGKANG","27681465"
"2014","2014-02","SERANGOON","9177888"
"2014","2014-02","TAMPINES","29099552"
"2014","2014-02","TOA PAYOH","16716276"
"2014","2014-02","WOODLANDS","37452388"
"2014","2014-02","YISHUN","26466382"
"2014","2014-03","ANG MO KIO","34471452"
"2014","2014-03","BEDOK","44846076"
"2014","2014-03","BISHAN","14779000"
"2014","2014-03","BUKIT BATOK","24043840"
"2014","2014-03","BUKIT MERAH","33755664"
"2014","2014-03","BUKIT PANJANG","24624000"
"2014","2014-03","BUKIT TIMAH","445000"
"2014","2014-03","CENTRAL AREA","4030018"
"2014","2014-03","CHOA CHU KANG","14066500"
"2014","2014-03","CLEMENTI","17719776"
"2014","2014-03","GEYLANG","19499388"
"2014","2014-03","HOUGANG","33716976"
"2014","2014-03","JURONG EAST","17262500"
"2014","2014-03","JURONG WEST","48200163"
"2014","2014-03","KALLANG/WHAMPOA","19710000"
"2014","2014-03","MARINE PARADE","7424888"
"2014","2014-03","PASIR RIS","23799000"
"2014","2014-03","PUNGGOL","20447488"
"2014","2014-03","QUEENSTOWN","18216576"
"2014","2014-03","SEMBAWANG","11993800"
"2014","2014-03","SENGKANG","41248008"
"2014","2014-03","SERANGOON","11372664"
"2014","2014-03","TAMPINES","64537016"
"2014","2014-03","TOA PAYOH","18718500"
"2014","2014-03","WOODLANDS","42366076"
"2014","2014-03","YISHUN","35617328"
"2014","2014-04","ANG MO KIO","36683363"
"2014","2014-04","BEDOK","42875740"
"2014","2014-04","BISHAN","14710500"
"2014","2014-04","BUKIT BATOK","24218076"
"2014","2014-04","BUKIT MERAH","37786940"
"2014","2014-04","BUKIT PANJANG","23211888"
"2014","2014-04","BUKIT TIMAH","2249000"
"2014","2014-04","CENTRAL AREA","4271888"
"2014","2014-04","CHOA CHU KANG","19418576"
"2014","2014-04","CLEMENTI","21404500"
"2014","2014-04","GEYLANG","18053000"
"2014","2014-04","HOUGANG","44346876"
"2014","2014-04","JURONG EAST","17152264"
"2014","2014-04","JURONG WEST","55658564"
"2014","2014-04","KALLANG/WHAMPOA","21691664"
"2014","2014-04","MARINE PARADE","6714000"
"2014","2014-04","PASIR RIS","20511052"
"2014","2014-04","PUNGGOL","20447152"
"2014","2014-04","QUEENSTOWN","30703276"
"2014","2014-04","SEMBAWANG","14240500"
"2014","2014-04","SENGKANG","45107888"
"2014","2014-04","SERANGOON","15848000"
"2014","2014-04","TAMPINES","55103688"
"2014","2014-04","TOA PAYOH","21431000"
"2014","2014-04","WOODLANDS","47968102"
"2014","2014-04","YISHUN","40344840"
"2014","2014-05","ANG MO KIO","29359516"
"2014","2014-05","BEDOK","49530776"
"2014","2014-05","BISHAN","13320888"
"2014","2014-05","BUKIT BATOK","17712776"
"2014","2014-05","BUKIT MERAH","28894376"
"2014","2014-05","BUKIT PANJANG","24917776"
"2014","2014-05","BUKIT TIMAH","1453500"
"2014","2014-05","CENTRAL AREA","4282500"
"2014","2014-05","CHOA CHU KANG","19616800"
"2014","2014-05","CLEMENTI","14050888"
"2014","2014-05","GEYLANG","17147888"
"2014","2014-05","HOUGANG","26828940"
"2014","2014-05","JURONG EAST","16339388"
"2014","2014-05","JURONG WEST","55343688"
"2014","2014-05","KALLANG/WHAMPOA","21378800"
"2014","2014-05","MARINE PARADE","6565000"
"2014","2014-05","PASIR RIS","21164000"
"2014","2014-05","PUNGGOL","18734889"
"2014","2014-05","QUEENSTOWN","21755000"
"2014","2014-05","SEMBAWANG","14111166"
"2014","2014-05","SENGKANG","38637276"
"2014","2014-05","SERANGOON","16895000"
"2014","2014-05","TAMPINES","57895564"
"2014","2014-05","TOA PAYOH","18996888"
"2014","2014-05","WOODLANDS","40915276"
"2014","2014-05","YISHUN","48150673"
"2014","2014-06","ANG MO KIO","23820400"
"2014","2014-06","BEDOK","37134888"
"2014","2014-06","BISHAN","16611276"
"2014","2014-06","BUKIT BATOK","21715776"
"2014","2014-06","BUKIT MERAH","32476000"
"2014","2014-06","BUKIT PANJANG","16870576"
"2014","2014-06","BUKIT TIMAH","2340000"
"2014","2014-06","CENTRAL AREA","4883000"
"2014","2014-06","CHOA CHU KANG","17207188"
"2014","2014-06","CLEMENTI","15874875"
"2014","2014-06","GEYLANG","16822776"
"2014","2014-06","HOUGANG","22546187"
"2014","2014-06","JURONG EAST","9124776"
"2014","2014-06","JURONG WEST","50069664"
"2014","2014-06","KALLANG/WHAMPOA","18974300"
"2014","2014-06","MARINE PARADE","8962000"
"2014","2014-06","PASIR RIS","16415000"
"2014","2014-06","PUNGGOL","12819888"
"2014","2014-06","QUEENSTOWN","13911664"
"2014","2014-06","SEMBAWANG","11638888"
"2014","2014-06","SENGKANG","35211501"
"2014","2014-06","SERANGOON","14053276"
"2014","2014-06","TAMPINES","46849017"
"2014","2014-06","TOA PAYOH","15514076"
"2014","2014-06","WOODLANDS","35834464"
"2014","2014-06","YISHUN","29190052"
"2014","2014-07","ANG MO KIO","24963852"
"2014","2014-07","BEDOK","35862456"
"2014","2014-07","BISHAN","12165000"
"2014","2014-07","BUKIT BATOK","25069388"
"2014","2014-07","BUKIT MERAH","26004776"
"2014","2014-07","BUKIT PANJANG","18282285"
"2014","2014-07","BUKIT TIMAH","750000"
"2014","2014-07","CENTRAL AREA","3598000"
"2014","2014-07","CHOA CHU KANG","17571000"
"2014","2014-07","CLEMENTI","18261276"
"2014","2014-07","GEYLANG","14223162"
"2014","2014-07","HOUGANG","34389776"
"2014","2014-07","JURONG EAST","16508000"
"2014","2014-07","JURONG WEST","47587416"
"2014","2014-07","KALLANG/WHAMPOA","15674000"
"2014","2014-07","MARINE PARADE","4440776"
"2014","2014-07","PASIR RIS","22435576"
"2014","2014-07","PUNGGOL","17565664"
"2014","2014-07","QUEENSTOWN","21411888"
"2014","2014-07","SEMBAWANG","8719800"
"2014","2014-07","SENGKANG","39240576"
"2014","2014-07","SERANGOON","12023800"
"2014","2014-07","TAMPINES","55917328"
"2014","2014-07","TOA PAYOH","18234800"
"2014","2014-07","WOODLANDS","43659316"
"2014","2014-07","YISHUN","39388428"
"2014","2014-08","ANG MO KIO","26471988"
"2014","2014-08","BEDOK","39376552"
"2014","2014-08","BISHAN","10086000"
"2014","2014-08","BUKIT BATOK","17620000"
"2014","2014-08","BUKIT MERAH","33009864"
"2014","2014-08","BUKIT PANJANG","16599405"
"2014","2014-08","BUKIT TIMAH","340000"
"2014","2014-08","CENTRAL AREA","2666000"
"2014","2014-08","CHOA CHU KANG","19031083"
"2014","2014-08","CLEMENTI","15198300"
"2014","2014-08","GEYLANG","12389276"
"2014","2014-08","HOUGANG","29573964"
"2014","2014-08","JURONG EAST","13071000"
"2014","2014-08","JURONG WEST","48254799"
"2014","2014-08","KALLANG/WHAMPOA","18740000"
"2014","2014-08","MARINE PARADE","5973000"
"2014","2014-08","PASIR RIS","22428088"
"2014","2014-08","PUNGGOL","17605888"
"2014","2014-08","QUEENSTOWN","20495888"
"2014","2014-08","SEMBAWANG","16054188"
"2014","2014-08","SENGKANG","39835128"
"2014","2014-08","SERANGOON","14793188"
"2014","2014-08","TAMPINES","45686552"
"2014","2014-08","TOA PAYOH","23024308"
"2014","2014-08","WOODLANDS","45437840"
"2014","2014-08","YISHUN","36894391"
"2014","2014-09","ANG MO KIO","27007776"
"2014","2014-09","BEDOK","42624564"
"2014","2014-09","BISHAN","15830776"
"2014","2014-09","BUKIT BATOK","18033800"
"2014","2014-09","BUKIT MERAH","35381187"
"2014","2014-09","BUKIT PANJANG","18869252"
"2014","2014-09","BUKIT TIMAH","3000000"
"2014","2014-09","CENTRAL AREA","7714889"
"2014","2014-09","CHOA CHU KANG","19914888"
"2014","2014-09","CLEMENTI","13241076"
"2014","2014-09","GEYLANG","10695776"
"2014","2014-09","HOUGANG","22937852"
"2014","2014-09","JURONG EAST","15964500"
"2014","2014-09","JURONG WEST","61715952"
"2014","2014-09","KALLANG/WHAMPOA","19716775"
"2014","2014-09","MARINE PARADE","6764000"
"2014","2014-09","PASIR RIS","20730976"
"2014","2014-09","PUNGGOL","18049000"
"2014","2014-09","QUEENSTOWN","20342277"
"2014","2014-09","SEMBAWANG","17831100"
"2014","2014-09","SENGKANG","43982764"
"2014","2014-09","SERANGOON","16328288"
"2014","2014-09","TAMPINES","57833652"
"2014","2014-09","TOA PAYOH","17833500"
"2014","2014-09","WOODLANDS","47533628"
"2014","2014-09","YISHUN","41155776"
"2014","2014-10","ANG MO KIO","28441664"
"2014","2014-10","BEDOK","42634352"
"2014","2014-10","BISHAN","18096488"
"2014","2014-10","BUKIT BATOK","20630500"
"2014","2014-10","BUKIT MERAH","31981388"
"2014","2014-10","BUKIT PANJANG","22440675"
"2014","2014-10","BUKIT TIMAH","1580000"
"2014","2014-10","CENTRAL AREA","3997000"
"2014","2014-10","CHOA CHU KANG","21718588"
"2014","2014-10","CLEMENTI","14470688"
"2014","2014-10","GEYLANG","15412688"
"2014","2014-10","HOUGANG","31894576"
"2014","2014-10","JURONG EAST","16071100"
"2014","2014-10","JURONG WEST","62590631"
"2014","2014-10","KALLANG/WHAMPOA","20528800"
"2014","2014-10","MARINE PARADE","9250355"
"2014","2014-10","PASIR RIS","25765100"
"2014","2014-10","PUNGGOL","18861852"
"2014","2014-10","QUEENSTOWN","23639888"
"2014","2014-10","SEMBAWANG","18463552"
"2014","2014-10","SENGKANG","41540800"
"2014","2014-10","SERANGOON","17575776"
"2014","2014-10","TAMPINES","68417940"
"2014","2014-10","TOA PAYOH","19093864"
"2014","2014-10","WOODLANDS","53122752"
"2014","2014-10","YISHUN","33179076"
"2014","2014-11","ANG MO KIO","23802388"
"2014","2014-11","BEDOK","38102576"
"2014","2014-11","BISHAN","12244000"
"2014","2014-11","BUKIT BATOK","24167388"
"2014","2014-11","BUKIT MERAH","26199800"
"2014","2014-11","BUKIT PANJANG","21590776"
"2014","2014-11","BUKIT TIMAH","1263000"
"2014","2014-11","CENTRAL AREA","2458000"
"2014","2014-11","CHOA CHU KANG","15499165"
"2014","2014-11","CLEMENTI","10649776"
"2014","2014-11","GEYLANG","19996688"
"2014","2014-11","HOUGANG","27105376"
"2014","2014-11","JURONG EAST","13521388"
"2014","2014-11","JURONG WEST","38936688"
"2014","2014-11","KALLANG/WHAMPOA","19230138"
"2014","2014-11","MARINE PARADE","6048000"
"2014","2014-11","PASIR RIS","22982088"
"2014","2014-11","PUNGGOL","23040888"
"2014","2014-11","QUEENSTOWN","19999888"
"2014","2014-11","SEMBAWANG","21639256"
"2014","2014-11","SENGKANG","36576164"
"2014","2014-11","SERANGOON","10424000"
"2014","2014-11","TAMPINES","51418909"
"2014","2014-11","TOA PAYOH","19161776"
"2014","2014-11","WOODLANDS","40073240"
"2014","2014-11","YISHUN","37526276"
"2014","2014-12","ANG MO KIO","26611776"
"2014","2014-12","BEDOK","39790776"
"2014","2014-12","BISHAN","12992000"
"2014","2014-12","BUKIT BATOK","25438889"
"2014","2014-12","BUKIT MERAH","26423888"
"2014","2014-12","BUKIT PANJANG","19913214"
"2014","2014-12","BUKIT TIMAH","1528000"
"2014","2014-12","CENTRAL AREA","3633000"
"2014","2014-12","CHOA CHU KANG","23331552"
"2014","2014-12","CLEMENTI","16705688"
"2014","2014-12","GEYLANG","14018000"
"2014","2014-12","HOUGANG","30607688"
"2014","2014-12","JURONG EAST","9629500"
"2014","2014-12","JURONG WEST","44318876"
"2014","2014-12","KALLANG/WHAMPOA","17018888"
"2014","2014-12","MARINE PARADE","5519400"
"2014","2014-12","PASIR RIS","21339388"
"2014","2014-12","PUNGGOL","15133888"
"2014","2014-12","QUEENSTOWN","14920500"
"2014","2014-12","SEMBAWANG","8581888"
"2014","2014-12","SENGKANG","41397964"
"2014","2014-12","SERANGOON","16732000"
"2014","2014-12","TAMPINES","43663588"
"2014","2014-12","TOA PAYOH","18859776"
"2014","2014-12","WOODLANDS","39353576"
"2014","2014-12","YISHUN","29279888"
